[
  {
    "id": 1,
    "substance_id": 1,
    "equipment_name": "Нефтегазосборный трубопровод от блока замера жидкости БГЗЖ куста скважин К-524/3 до УП-10/4",
    "quantity_equipment": 128,
    "phase_state": "ж.ф.",
    "coord_type": 1,
    "equipment_type": 0,
    "coordinates": [
      0.0,
      0.0
    ],
    "length_m": 128,
    "diameter_mm": 89,
    "wall_thickness_mm": 4,
    "volume_m3": 0,
    "fill_fraction": 1,
    "pressure_mpa": 1,
    "spill_coefficient": 20,
    "spill_area_m2": 0,
    "substance_temperature_c": 100,
    "shutdown_time_s": 24,
    "evaporation_time_s": 3600,
    "hazard_component": "Система промысловых трубопроводов Кузайкинского месторождения нефти",
    "clutter_degree": 4,
    "possible_dead": 1,
    "possible_injured": 2
  },
  {
    "id": 2,
    "substance_id": 1,
    "equipment_name": "Нефтегазосборный трубопровод от блока замера жидкости БГЗЖ куста скважин К-526/2 до УП-13/3",
    "quantity_equipment": 271,
    "phase_state": "ж.ф.",
    "coord_type": 1,
    "equipment_type": 0,
    "coordinates": [
      0.0,
      0.0
    ],
    "length_m": 271,
    "diameter_mm": 89,
    "wall_thickness_mm": 4,
    "volume_m3": 0,
    "fill_fraction": 1,
    "pressure_mpa": 1,
    "spill_coefficient": 20,
    "spill_area_m2": 0,
    "substance_temperature_c": 100,
    "shutdown_time_s": 24,
    "evaporation_time_s": 3600,
    "hazard_component": "Система промысловых трубопроводов Кузайкинского месторождения нефти",
    "clutter_degree": 4,
    "possible_dead": 1,
    "possible_injured": 2
  },
  {
    "id": 3,
    "substance_id": 1,
    "equipment_name": "Нефтегазосборный трубопровод от блока замера жидкости БГЗЖ куста скважин К-15186/2 до УП-8",
    "quantity_equipment": 1223,
    "phase_state": "ж.ф.",
    "coord_type": 1,
    "equipment_type": 0,
    "coordinates": [
      0.0,
      0.0
    ],
    "length_m": 1223,
    "diameter_mm": 89,
    "wall_thickness_mm": 4,
    "volume_m3": 0,
    "fill_fraction": 1,
    "pressure_mpa": 1,
    "spill_coefficient": 20,
    "spill_area_m2": 0,
    "substance_temperature_c": 100,
    "shutdown_time_s": 24,
    "evaporation_time_s": 3600,
    "hazard_component": "Система промысловых трубопроводов Кузайкинского месторождения нефти",
    "clutter_degree": 4,
    "possible_dead": 2,
    "possible_injured": 1
  },
  {
    "id": 4,
    "substance_id": 1,
    "equipment_name": "Технологические трубопроводы куста скважин К-524/3 ",
    "quantity_equipment": 36,
    "phase_state": "ж.ф.",
    "coord_type": 1,
    "equipment_type": 0,
    "coordinates": [
      0.0,
      0.0
    ],
    "length_m": 36,
    "diameter_mm": 89,
    "wall_thickness_mm": 4,
    "volume_m3": 0,
    "fill_fraction": 1,
    "pressure_mpa": 1,
    "spill_coefficient": 20,
    "spill_area_m2": 0,
    "substance_temperature_c": 100,
    "shutdown_time_s": 24,
    "evaporation_time_s": 3600,
    "hazard_component": "Система промысловых трубопроводов Кузайкинского месторождения нефти",
    "clutter_degree": 4,
    "possible_dead": 1,
    "possible_injured": 2
  },
  {
    "id": 5,
    "substance_id": 1,
    "equipment_name": "Технологические трубопроводы куста скважин К-526/2",
    "quantity_equipment": 58,
    "phase_state": "ж.ф.",
    "coord_type": 1,
    "equipment_type": 0,
    "coordinates": [
      0.0,
      0.0
    ],
    "length_m": 58,
    "diameter_mm": 89,
    "wall_thickness_mm": 4,
    "volume_m3": 0,
    "fill_fraction": 1,
    "pressure_mpa": 1,
    "spill_coefficient": 20,
    "spill_area_m2": 0,
    "substance_temperature_c": 100,
    "shutdown_time_s": 24,
    "evaporation_time_s": 3600,
    "hazard_component": "Система промысловых трубопроводов Кузайкинского месторождения нефти",
    "clutter_degree": 4,
    "possible_dead": 0,
    "possible_injured": 2
  },
  {
    "id": 6,
    "substance_id": 1,
    "equipment_name": "Технологические трубопроводы куста скважин К-15186/2 ",
    "quantity_equipment": 120,
    "phase_state": "ж.ф.",
    "coord_type": 1,
    "equipment_type": 0,
    "coordinates": [
      0.0,
      0.0
    ],
    "length_m": 120,
    "diameter_mm": 89,
    "wall_thickness_mm": 4,
    "volume_m3": 0,
    "fill_fraction": 1,
    "pressure_mpa": 1,
    "spill_coefficient": 20,
    "spill_area_m2": 0,
    "substance_temperature_c": 100,
    "shutdown_time_s": 24,
    "evaporation_time_s": 3600,
    "hazard_component": "Система промысловых трубопроводов Кузайкинского месторождения нефти",
    "clutter_degree": 4,
    "possible_dead": 0,
    "possible_injured": 1
  },
  {
    "id": 7,
    "substance_id": 1,
    "equipment_name": "Технологические трубопроводы куста скважин К-15186",
    "quantity_equipment": 44,
    "phase_state": "ж.ф.",
    "coord_type": 1,
    "equipment_type": 0,
    "coordinates": [
      0.0,
      0.0
    ],
    "length_m": 44,
    "diameter_mm": 89,
    "wall_thickness_mm": 4,
    "volume_m3": 0,
    "fill_fraction": 1,
    "pressure_mpa": 1,
    "spill_coefficient": 20,
    "spill_area_m2": 0,
    "substance_temperature_c": 100,
    "shutdown_time_s": 24,
    "evaporation_time_s": 3600,
    "hazard_component": "Система промысловых трубопроводов Кузайкинского месторождения нефти",
    "clutter_degree": 4,
    "possible_dead": 0,
    "possible_injured": 1
  }
]