{
  "year": 2026,
  "project_name": "«Обустройство скважин Кузайкинского месторождения К-524/3, К-526/2, К-15186, К-15186/2»",
  "project_code": "172-25",
  "dpb_code": "172-25-ДПБ",
  "gochs_code": "172-25-ГОЧС",
  "pb_code": "172-25-ПБ",
  "executor": {
    "name": "ООО «Интелпроект»",
    "address": "421001, Республика Татарстан, г. Казань, Чистопольская ул., д. 83, офис 102",
    "sro": "СРО-П-196-14022018",
    "inn": "1685009645",
    "ogrn": "1231600005691",
    "tel": "8-917-265-60-91",
    "head_position": "Генеральный директор",
    "head_full_name": "Кузнецов Константин Михайлович",
    "specialist_info": "Кузнецова Э.Э. прошла повышение квалификации и получила удостоверение о повышении квалификации «Архитектурно-строительное проектирование и подготовка проектной документации» 16 УР 0000709 №135 от 09.02.2024 г.",
    "email": "inteldocs@yandex.ru",
    "website": "prombez.tech"
  }
}


