[
  {
    "id": 1,
    "name": "Нефть (горючая жидкость)",
    "kind": 0,
    "formula": "Углеводороды CnH₂n₊₂ и циклоалканы CnH₂n",
    "composition": {
      "components": [
        {
          "name": "Метан",
          "mass_fraction": 0.05
        },
        {
          "name": "Этан",
          "mass_fraction": 0.03
        },
        {
          "name": "Пропан",
          "mass_fraction": 0.02
        },
        {
          "name": "Бутаны",
          "mass_fraction": 0.02
        },
        {
          "name": "Пентан-нафтеновая фракция",
          "mass_fraction": 0.1
        },
        {
          "name": "Лёгкие бензины (C6–C8)",
          "mass_fraction": 0.15
        },
        {
          "name": "Тяжёлые бензины (C8–C12)",
          "mass_fraction": 0.2
        },
        {
          "name": "Керосиновая фракция",
          "mass_fraction": 0.15
        },
        {
          "name": "Газойлевая фракция",
          "mass_fraction": 0.15
        },
        {
          "name": "Мазут / тяжёлые остатки",
          "mass_fraction": 0.13
        }
      ]
    },
    "notes": "Нефть — сложная смесь углеводородов, включающая парафиновые, нафтеновые и ароматические соединения. Относится к легковоспламеняющимся жидкостям, способным образовывать с воздухом взрывоопасные паровоздушные смеси. При перегреве или утечке пары нефти могут распространяться на значительные расстояния и воспламеняться от источников зажигания.",
    "physical": {
      "molar_mass_kg_per_mol": 0.2,
      "density_liquid_kg_per_m3": 920,
      "density_gas_kg_per_m3": 3.59,
      "evaporation_heat_J_per_kg": 180000.0,
      "boiling_point_C": 100
    },
    "explosion": {
      "explosion_hazard_class": 3,
      "flash_point_C": 21,
      "lel_percent": 1.0,
      "autoignition_temp_C": 250,
      "energy_reserve_factor": 2,
      "expansion_degree": 7,
      "heat_of_combustion_kJ_per_kg": 42000,
      "burning_rate_kg_per_s_m2": 0.03
    },
    "toxicity": {
      "hazard_class": 3,
      "pdk_mg_per_m3": 300,
      "lethal_tox_dose_mg_min_per_L": null,
      "threshold_tox_dose_mg_min_per_L": null
    },
    "reactivity": "Химически умеренно активна: может окисляться, взаимодействовать с сильными окислителями и образовывать продукты термического разложения. Пары нефти образуют с воздухом взрывоопасные смеси.",
    "odor": "Специфический запах углеводородов, зависит от состава нефти (обусловлен наличием сернистых и ароматических соединений).",
    "corrosiveness": "Коррозионное воздействие оказывают сернистые соединения, содержащиеся в нефти; эффект воздействия зависит от их концентрации.",
    "precautions": "Герметизация оборудования и трубопроводов. Приточно-вытяжная вентиляция помещений. Исключение появления источников огня. Применение средств индивидуальной защиты. При загорании нефти применяют средства пожаротушения: распыленную воду, химическую и механическую пену; при объёмном тушении применяют порошковые огнетушители, углекислый газ, при тушении жидкостью – бромэтиловые составы (СЖБ), перегретый пар, песок, асбестовые покрывала, кошму и другие средства.",
    "impact": "При утечке или аварийном разливе нефти происходит выброс летучих органических соединений, которые токсичны и негативно влияют на окружающую среду и здоровье человека. При проливе нефти нарушается состояние почвенных покровов, разрушается структура почвенных биоценозов и вызывается изменение видового разнообразия экосистемы. В качестве поражающих факторов можно рассматривать: тепловое излучение при пожарах пролива и избыточное давление взрыва паров нефти.",
    "protection": "К индивидуальным средствам защиты на промыслах относятся: спецодежда, спецобувь, головные уборы, рукавицы, перчатки, приспособления для защиты органов дыхания, зрения и слуха (противогазы, респираторы, очки различных типов, антифоны), предохранительные пояса и др.",
    "neutralization_methods": "Сбор нефти сорбентами с последующей утилизацией. Грунты и песок, загрязнённые нефтью, подлежат утилизации.",
    "first_aid": "Освободить от стесняющей одежды, обеспечить покой, тепло. Крепкий сладкий чай, настойка валерианы или пустырника, ингаляция увлажнённого кислорода, промывание глаз 2 % раствором соды. При потере сознания – вдыхание нашатырного спирта. В тяжёлых случаях при резком ослаблении или остановке дыхания немедленно начать искусственное дыхание. При ожогах дополнительно: прекратить воздействие высокой температуры на пострадавшего, погасить пламя на его одежде, удалить пострадавшего из зоны поражения. Одежду в местах ожога лучше разрезать и наложить вокруг ожога асептическую повязку; вату при этом накладывать нельзя. При воздействии избыточного давления взрыва дополнительно: противошоковая терапия, нормализация витальных функций. Прекращение наружного кровотечения посредством наложения тугой давящей повязки, закруткой или жгутом."
  },
  {
    "id": 2,
    "name": "Попутно-нефтяной газ (воспламеняющийся и горючий газ)",
    "kind": 2,
    "formula": "Смесь углеводородов C1–C6 и неуглеводородных компонентов",
    "composition": {
      "components": [
        {
          "name": "Метан",
          "mass_fraction": 0.5
        },
        {
          "name": "Этан",
          "mass_fraction": 0.1
        },
        {
          "name": "Пропан",
          "mass_fraction": 0.08
        },
        {
          "name": "Бутаны (i/n-C4)",
          "mass_fraction": 0.07
        },
        {
          "name": "Пентан-гексановая фракция (C5–C6)",
          "mass_fraction": 0.05
        },
        {
          "name": "Азот",
          "mass_fraction": 0.05
        },
        {
          "name": "Углекислый газ",
          "mass_fraction": 0.03
        },
        {
          "name": "Сероводород (H2S)",
          "mass_fraction": 0.0
        },
        {
          "name": "Гелий и инертные газы",
          "mass_fraction": 0.01
        },
        {
          "name": "Прочие примеси",
          "mass_fraction": 0.11
        }
      ]
    },
    "notes": "Попутно-нефтяной газ — смесь углеводородов (C1–C6) и неуглеводородных примесей, выделяющаяся из нефти при добыче. Легковоспламеняющийся газ, образующий с воздухом взрывоопасные смеси в широком диапазоне концентраций.",
    "physical": {
      "molar_mass_kg_per_mol": 0.022,
      "density_liquid_kg_per_m3": null,
      "density_gas_kg_per_m3": 1.1,
      "evaporation_heat_J_per_kg": null,
      "boiling_point_C": null
    },
    "explosion": {
      "explosion_hazard_class": 3,
      "flash_point_C": null,
      "lel_percent": 2.5,
      "autoignition_temp_C": 540,
      "energy_reserve_factor": 2,
      "expansion_degree": 7,
      "heat_of_combustion_kJ_per_kg": 50000,
      "burning_rate_kg_per_s_m2": null
    },
    "toxicity": {
      "hazard_class": 3,
      "pdk_mg_per_m3": 300,
      "lethal_tox_dose_mg_min_per_L": null,
      "threshold_tox_dose_mg_min_per_L": null
    },
    "reactivity": "Химически инертен при нормальных условиях. Опасность связана с образованием взрывоопасных смесей с воздухом. Может реагировать с сильными окислителями. При наличии H2S увеличивается коррозионная активность.",
    "odor": "В зависимости от состава: слабый углеводородный запах; при наличии H2S — характерный резкий запах сероводорода.",
    "corrosiveness": "Коррозионность зависит от содержания H2S, CO2 и воды. В присутствии сероводорода возможна сульфидная коррозия металлов.",
    "precautions": "Контроль герметичности оборудования, газоанализаторы, взрывозащищённое исполнение аппаратуры, заземление и предотвращение статического электричества. Исключение источников воспламенения. Применение СИЗОД при работе в газоопасных зонах.",
    "impact": "При утечках образует взрывоопасные облака. Требуется контроль загазованности. Вдыхание высоких концентраций приводит к вытеснению кислорода и риску удушья. При наличии H2S возможны острые токсические поражения. Поражающими факторами являются тепловое излучение при горении и избыточное давление взрыва.",
    "protection": "Средства защиты органов дыхания, спецодежда, защитные очки. Для газоопасных помещений — фильтрующие или изолирующие дыхательные аппараты.",
    "neutralization_methods": "Локализация утечки, контролируемый отвод газа к факелу или в систему утилизации. При наличии H2S удаление  путём аминового или сорбционного удаления.",
    "first_aid": "При вдыхании — вывести пострадавшего на свежий воздух. При отсутствии дыхания — искусственная вентиляция лёгких. При потере сознания — уложить на бок, контролировать дыхание и пульс. При ожогах — прекратить воздействие высокой температуры, погасить пламя на одежде, разрезать одежду и наложить асептическую повязку."
  }
]